file_id,hausdorff_distance,rmse,garland_heckbert_error
100026,26.17716869029903,1.0418552612376453,7.348570297384664
100029,7.9113500578280185,0.888609293749423,1.040495648062133
100031,1.3475938646429866,0.3889335132260333,0.15041408142392032
100032,2.552619348440483,0.8430024330924496,0.7073606862028282
100075,0.6079606245086899,0.09555894698081936,0.005549118012563406
100322,2.228744785630209,0.675901793244364,0.47224636730110486
100330,1.3075360710142487,0.358230873276774,0.13064043285099475
100331,1.1603549071003822,0.36363113516142864,0.1291472021841128
100423,0.2843045414369801,0.10713364970708446,0.01167191481579116
100471,3.1838903688268028,0.9610270963875934,0.9094714919216367
100478,0.8008983578559576,0.25610799522833877,0.06663402380875305
100500,1.4225141924659164,0.46266095942388435,0.21249042309166508
100507,1.868623065192933,0.5481738269844157,0.30566384528851215
1005266,1.5201318971122535,0.4956356571166541,0.24852215732343105
1005268,1.597246039801596,0.5212948024601709,0.27342197415601677
1005269,1.1959752230216942,0.3977852225223582,0.15336476453014553
1005270,1.5874182212412709,0.4802721609490144,0.22809860808977825
1005272,1.4222026319618262,0.4524647636604587,0.2088408636397765
1005275,2.3425072793032373,0.5233529563172954,0.2725788260565747
1005281,1.6424847441774395,0.507507643434611,0.2632693530079954
1005285,0.25224943380478276,0.07573684272034331,0.005791871648400627
1005288,1.6543368697051277,0.5151283504115329,0.26226654335492383
100638,0.516146693229913,0.15778768858658898,0.02507045954816453
100642,0.9336579137430612,0.1664758265905509,0.026788651715174496
100646,0.6742165166341216,0.2053462055897198,0.04248759239910994
100678,1.2985349461178952,0.38338824483868045,0.1484889063925145
100681,5.584666881655365,1.5950039536830811,2.5373211228337036
100815,0.3738406044555992,0.12399260681912141,0.015331302099131472
101168,3.944122559615288,1.1708835574278798,1.3764603155854929
101170,1.7843276473336467,0.6427814682195795,0.41554456498934605
101187,1.6303064249305308,0.6097522049861636,0.3694299762524973
1012236,2.902543890124454,0.9129724606518665,0.8219942589920741
101250,0.04093308716669755,0.011008300149285465,0.000129195833606345
101331,2.4143406319072542,0.7676789721256159,0.5958012502758605
101332,2.041841268751832,0.6081827432479888,0.35885635618712314
101341,0.9922508240206552,0.31610825334601494,0.09652217144550605
101548,2.863425439503766,0.9119841290696682,0.8333925272346007
101560,1.7992339339053833,0.6033265790693755,0.3690696547155036
101636,0.3301407772991243,0.1018358954863701,0.010543307480923443
1016856,1.3988095201956898,0.44332719741016596,0.1984803397396047
1016874,1.325439454505632,0.446051643869794,0.19921188013643173
1017010,1.6326786136487013,0.49784742579764196,0.2468110344915618
1017016,2.8500554868332912,0.7854331710755996,0.6163001234085792
1018273,1.6273641789496367,0.47404489544432843,0.23018515497210978
1018275,1.6074352473409899,0.4878539827498895,0.24099826242918998
1018276,1.4843874904264969,0.4904389304399331,0.23674488610898703
1018278,1.7013582605692161,0.479787935351388,0.23430319128873217
1018279,1.473945242944091,0.4888186257145335,0.23762217196086544
1018295,1.5871552480476852,0.49607212584045196,0.244623562836378
101881,7.90762197078655,2.5346246086927002,6.270686041167726
101956,3.1288289475004647,0.9893020815485727,0.9937137840692641
102037,1.425263990727674,0.29521636273860413,0.08727498685409826
102309,0.6352453390599514,0.0680325782731546,0.003416155553504349
1028707,2.6525321796763697,0.8555250390850405,0.7433472124818788
1028708,3.643531141769387,1.2782810150861328,1.6219810962603038
103044,1.8960578456151238,0.5338657947382366,0.2870044799682334
103082,1.2741568416451268,0.3899734836110037,0.15053301745657752
103141,2.034568901597053,0.634148784788437,0.40875731621455924
103142,2.6802285424172982,0.8311150688369877,0.6844532189887851
103287,1.9181810192711222,0.5515634702944588,0.2914668307838345
103356,1.9685994655622903,0.6138353882717161,0.3697231119178424
103358,0.673972590993247,0.23401517008527262,0.05503767461102176
1036310,0.7545893734878906,0.24789422454299562,0.06184313049945683
1036311,0.7936885900582553,0.2319416116906929,0.05382956454279339
1036312,0.6630078257898285,0.193986969826527,0.03689526602318142
1036317,1.177256993186243,0.3767009633357965,0.13873369107892303
1036392,2.918323810847073,0.8217216615613802,0.6853243864054382
1036394,1.2708588281331408,0.39683166446261253,0.15998431748968578
1036396,0.3008712501877796,0.09681757978881447,0.009435252876698049
1036466,1.1207809105267155,0.3495887151816004,0.12336479804925807
1036467,4.059876407490073,1.2933196414430719,1.7430142470777668
1036656,1.4754146670713255,0.48484705280723095,0.23040083571368714
1037021,2.9722900218767845,0.8917871915504596,0.8161355501000518
1037023,2.816766643098956,0.8265125588794092,0.6828021031708856
103817,1.667577709643813,0.6160210025007583,0.38138409103114174
103821,2.5561013723652235,0.6040741681989231,0.36306422384832876
103825,1.9412366279302857,0.5672972867590649,0.31787951116852
103826,2.1875045718279718,0.7985477609417769,0.6332741047781859
104187,9.437140585871877,1.232501578526153,1.4812946288386781
104188,12.776330073327802,1.8891962934532918,2.5296267629285976
1043461,0.9235292269495281,0.3058824873153891,0.09438946244024406
104403,1.1168830205875182,0.3568046373365427,0.125278608928256
1044252,0.5600926024717553,0.17859144611769068,0.033091651299389103
104432,1.1179770855410553,0.32548844308337294,0.10145984881110147
104442,4.1725537088281675,1.4399123695630074,2.033446692901429
104445,0.08514917791931037,0.025756553135691748,0.0007000728785547719
104559,3.667936002762589,1.2917951292886993,1.6809613477797365
104737,3.0001934849149583,0.8969290227276079,0.8089139275371211
1051177,1.4763611124789322,0.44597485892196614,0.19764430113876397
105330,0.7672493244077422,0.12498134142126803,0.015747754003153074
1053378,4.67743024811831,1.1320763731013321,1.2739747096282648
105338,0.824579538740155,0.27172534012512384,0.07238546023652426
1053391,3.037869472993461,1.1537951506455166,1.3383836238688516
105662,3.4996745463760544,1.3109461809278553,1.6961674422833832
105688,1.4291591969769446,0.5212749479729615,0.27404414038748687
105799,2.9195904394264307,1.0172576963050908,1.0386883961263793
105803,12.7376838987062,0.41223407041978255,3.6562320812142564
105857,1.1350618325118766,0.3425569586306594,0.11973138980056458
105859,10.036498808462497,0.757959523514016,1.710833416720941
105861,3.3903395905429643,0.5351241120357321,0.2619753390843464
105925,1.1977750254521882,0.39602072575435704,0.15624455034720058
106037,2.476291692775124,0.8809266886140973,0.79482867435353
106039,1.8147617826620412,0.5474619471765155,0.29714849257975645
106100,2.2248768196312683,0.7246700052083395,0.5287592867503544
106146,1.0605857859047318,0.3322037805116038,0.11270970773750096
106327,2.781163183093218,1.0526414175209218,1.0975343570907927
1063857,1.8637923058788048,0.652785324161702,0.4242640290642683
1064467,1.5576197395088378,0.5060641831596293,0.255347942608046
1064655,1.1116886797289933,0.34912478489948956,0.12575428201148825
1065031,13.886520047045364,1.848562332130907,1.6785908031566559
106558,1.1564568742413066,0.40220791953210033,0.162152819213924
106778,0.9846629351813299,0.3401807015931922,0.11407160998785028
106782,1.0737373718155696,0.345724176890937,0.11798641910669673
106784,1.041673767196079,0.3347930300869808,0.11172299302587207
106785,1.102552127130397,0.3394834904439153,0.11334049450941516
106786,1.0210158898807116,0.34435002223012445,0.11652031879348537
106787,1.0110298615736484,0.32611280620745986,0.10718175200328763
106789,0.9781565494518478,0.3285656297533403,0.10789395032393637
107046,36.52373504864498,1.0168988300753266,86.60802412158324
107068,2.108050849191553,0.5988838947916438,0.36141663892035586
107071,11.250068183554262,1.217165173708315,1.3047596046225576
1071710,0.8144061822324024,0.23215434472949845,0.053639819536529534
107389,0.16611378733666737,0.05575784863037805,0.0030429131291254165
107402,0.1383233387996411,0.04395613959661164,0.0019222838650999258
107434,0.5357083736837728,0.18793688325109809,0.03474688836786096
1075455,1.0627068848513288,0.3082710920026158,0.09624790816825901
1075458,1.1781199760535634,0.37511387597983376,0.13827026438346793
107586,2.358153786274811,0.7306984435926357,0.518216099686527
1082149,1.1269423999076824,0.37738574242230977,0.14382902009490509
108330,1.6454561633620377,0.38373306761354914,0.1480165217450884
108331,1.4777497412631342,0.4278445231639664,0.18247000559951165
108335,1.6015268989995226,0.4393482108104823,0.1950255217411608
1083351,2.1326873863231413,0.6678795257730552,0.4391073498204662
1083352,1.8774964611804434,0.580354140435916,0.3355734475789339
1083353,1.3986429180367692,0.46410673865260554,0.21838206279678307
108338,2.407690460958895,0.4999134364717398,0.384210976546115
108340,1.9406593929226859,0.5384194499398648,0.2894335076160156
108482,1.3662026677822872,0.27708655026315293,0.07576717694630984
108521,1.3853570288892703,0.3886118145896059,0.15246709448526635
1085686,5.620755106847857,1.848484986974695,3.4787135855625553
108613,3.531708274694408,1.1203460665741773,1.2821933209261025
108618,0.895154142721492,0.2878547027151444,0.08617101258197002
109021,2.0991303527711143,0.6792843949210129,0.469512589726697
109130,0.9605777469650114,0.33151543447536175,0.10811728546446957
109138,0.6206247167063915,0.18622095560122226,0.034171918221937415
109344,1.118829011558951,0.3385501681171643,0.11101862765880094
1093600,0.9144208158493714,0.2752451590831997,0.07428753286810413
1095210,3.170363405948783,1.0033193921150239,1.0150170395954148
1095211,3.0051987143284467,1.0373528831182373,1.0730704731572713
109729,3.424598151099723,0.8433335658223351,0.5398534371435909
109730,2.6616570446285173,0.3963343933855118,0.27714551671504656
1097848,7.789382795805253,2.6717277359954767,6.766765273176464
1099668,2.318172402009664,0.3865839753679311,0.15459363216865674
1099669,1.3599928788366296,0.356956527660683,0.12979049178642305
110009,1.3232546808410215,0.410406147507038,0.16647440646755085
110025,1.043945136020631,0.35301043228230133,0.12382939256806062
110027,3.2308535253482265,0.8695481220052659,0.7518500888930839
110030,0.30757585339013227,0.10635936061567473,0.011894474150676626
110031,0.33431970308211617,0.10661628641304434,0.011629798516185057
110042,2.474405399673204,0.8129295013600497,0.677745796152275
110203,2.1932726312447324,0.6141102978473479,0.3725416913277952
110209,1.1247731795459033,0.2767971199231974,0.07592196923773407
110211,0.6321982356293392,0.19015077680066347,0.03639267172438326
110445,0.6294469714738784,0.18578889512385344,0.03429844293717498
110710,0.9569514939574568,0.2887926241941697,0.08329985619405379
110714,2.528078192325717,0.8890284141684287,0.8103722801998325
110715,1.556252860665627,0.6509626688669541,0.443076362926264
110719,1.5674045312265514,0.5172943583082481,0.26301827250421467
110725,3.554315007265865,1.2776450079634145,1.6342423590811994
110786,1.999466497215504,0.6269315082945105,0.40231398391019213
110793,0.8194202228152495,0.27436340999676667,0.07487577498825694
110834,0.6646937075805345,0.2117445557585252,0.04538343937636419
110836,3.1415060710032834,1.02674998171457,1.0721642622434786
110907,1.2098804973390023,0.3931051714682991,0.15829984888868406
110928,3.659134538027996,1.0342079408859732,1.0345931839844453
111006,2.8572696443226455,0.8671256457617265,0.7390365128442767
111008,2.251484496205048,0.6660427276659592,0.4472102817512421
111009,2.139822610912604,0.6315692537427052,0.39592049715486427
111010,2.7188755608028226,0.8641765624420935,0.6808687052747878
111013,2.7398305878503604,0.5435237595967394,0.3693205513145386
111261,2.2558324253850857,0.6628545388548742,0.4435534846222861
111394,7.748334783031664,0.8350030093496721,1.1052330422084051
111587,1.0723037772650033,0.3433752593536147,0.1169870893709549
111599,2.3480755266044357,0.6246746113633537,0.3850295163773989
111629,3.6579964136554364,0.871430689641981,0.736910280663941
1120761,0.5882922163214049,0.20595616953338253,0.04297791134374594
1120767,0.4438269827451275,0.13157973262469372,0.017673639618934856
1120768,0.773486435790808,0.24413837939948654,0.05936185599694568
1120769,1.5250286749886448,0.4908182791245717,0.24264349989132908
1120772,0.5284991075072197,0.16671675480154388,0.02902234996513031
1120773,1.2247655965531021,0.413363997550091,0.17030300349185623
1120777,0.5741292312436184,0.17027719621601492,0.029212734311885934
1120780,4.422464234003291,1.1812129048199616,1.42884218078372
112230,2.226853430079654,0.7775245834943674,0.6040541732995848
112333,2.730060484731887,0.9217945193844437,0.8740887235384506
112534,4.134878090373144,1.2241728088553914,1.5138378572902034
112543,4.01090205819047,1.41512433572452,2.033991018307954
112546,0.7677543228038588,0.23879625202887222,0.05671763088454411
1126609,1.7119701087525268,0.5442574444861719,0.3006690176824596
1126618,1.7666602123272048,0.49851237042198193,0.24652013432753933
112826,1.7935670064373699,0.42516406239583204,0.18204434002383738
112831,2.1466060900617867,0.6871966643705485,0.47548563647455894
112854,14.164455015032221,1.4103045494490807,1.2458611661905012
1129073,0.43027232897511597,0.1323126958927631,0.01727321883083637
1129074,0.425522293518341,0.13123577769123054,0.017366164138156934
1129080,1.2091722022781297,0.3688758901164113,0.13684577578706558
1129084,2.319369543287396,0.5424556111647263,0.28927315579671575
112916,7.892983046552674,0.8756306047264142,0.5590982348851948
112918,3.8994139707713606,0.5806657376268768,0.3719249799495978
112920,1.607391727390628,0.5112220304884498,0.26352953169047444
112925,0.7897077705976062,0.233563856469157,0.05547241274536371
112940,0.4755702531451964,0.1535398503030611,0.023411139854038213
112996,2.8343569548269274,0.7371339178100097,0.5880023519876905
112998,0.35175717877297313,0.11562772797923648,0.013823026205078415
113125,2.3469888724529513,0.3548854033409872,0.11963735112775357
113134,3.8654272076999496,1.3053919810545427,1.704383606187735
113221,1.4221010977474338,0.5368638797536799,0.2880285018299181
113225,2.239487828887048,0.7508009235742575,0.5477150790495167
113342,0.8223414969978463,0.22307550354060482,0.05028540087217924
113858,3.0544975682140705,0.35602793015638534,0.12732973158671274
113863,0.615391022792571,0.1506428440643024,0.022272605173520737
113865,0.7682884544786576,0.11669856612670308,0.012448411416333544
113887,5.296466890534909,1.400486995804769,1.9708761115033784
113908,0.6151544413226654,0.21653650603752,0.046652150561694486
113957,1.813106459331712,0.5007155644966244,0.24730176958084907
114020,1.230213839859491,0.34375416934512326,0.1179491084625719
1146170,0.765371865069902,0.257505312974143,0.06589655484212759
1146178,1.164910332132708,0.3607677738904513,0.1329426198835662
1146181,0.5401299926244745,0.18234627657119967,0.032532836124997945
1146193,0.9894469675167631,0.3019969273031269,0.08903634229504082
1146260,0.9185752667805316,0.3005036597107545,0.08897035644628025
1146261,0.9139005687994819,0.3009084404679017,0.08944904775093025
1147177,1.1793555055021594,0.39131867293101136,0.1523909578473757
1148096,5.856665463513295,0.523517057184993,0.4650091835672989
115051,2.069330903251105,0.6055598149991597,0.3610494760231496
115061,1.8987093766110725,0.6059693501050444,0.3720664041390766
115064,1.8149363208995541,0.6082225802105858,0.3732873238142291
115068,1.907542439198613,0.6025565769075384,0.3662821633499312
115069,1.9151133913552274,0.6071139150710598,0.36704917983373037
1153643,0.5763453986600907,0.1867582758407805,0.03454871900390957
115601,2.154808919223187,0.7419994718963142,0.5459570760067609
1156747,2.306754317597828,0.7391023011322907,0.5554709619113679
1158261,1.8361211505136217,0.7219384707116653,0.523456624203734
1158265,2.1628431631678566,0.7244431818995001,0.5192297994787654
1158268,7.631932717434668,2.311133826810897,5.379403016650158
116051,3.327105818767049,0.4856945232666412,0.1397145093663016
116062,1.0400358028527887,0.3299618997854314,0.10466285053266293
116065,0.24954550315190785,0.08455654434805122,0.007279132534608722
116070,0.2457041494576399,0.0838822298125095,0.007053473053834064
116076,0.4096560240743017,0.14193386607179492,0.020169281177929876
116080,0.7759832456468435,0.24592230821426922,0.06082143232395579
116291,2.747566032286095,0.8961259819128822,0.8186364058286951
116863,0.6233714804501217,0.18861113111478034,0.035940068233872684
116877,0.6085970751954792,0.1931162008935434,0.039112737670946994
116878,0.5806646751348417,0.1778755658684215,0.031989152858687864
116999,2.3592884101838925,0.765131232738597,0.5906547741691347
117007,0.6975422766067174,0.23799075822619464,0.05584086037193942
1174395,3.5461226069545058,1.0629500120379558,1.1327365794044468
1174397,3.448104167053632,1.0569205084399653,1.134627608098643
1174408,3.218282939773593,1.0676234162890879,1.1531072176198456
117523,1.4250882563991079,0.43155161363519257,0.19416225054432226
117525,1.3519579611132715,0.40723294186391745,0.16889583922535786
1176415,4.052183915394015,1.130005962123902,1.27866093632505
1176416,3.162892774829306,1.12736407314614,1.2789757652831157
1176417,2.9457737941077013,1.006710007703484,1.0402307335093384
1176418,2.920121577657963,1.0322244476575704,1.0440811906824088
1176424,3.619155077128178,1.137553573586912,1.318847146968437
117647,1.6795681572640817,0.5099472585622166,0.2566034348836898
118035,1.0822416693857597,0.35691496441528786,0.1260000518530849
1181082,1.5111917016569976,0.5195764516667583,0.27041347287145556
118288,1.161843122294636,0.35886516070352964,0.1295079856862427
118294,1.6920562029072774,0.48704146699747264,0.22965718302685054
118295,0.8943093693603932,0.3091418513136923,0.09303371415528375
118299,1.3046920161266053,0.3975297078092437,0.16391451696600862
118302,0.6765751641179186,0.21434388629604695,0.044536455930069656
118303,0.527363642563841,0.17737181596866652,0.03141379340275763
118304,0.22149115519126894,0.0777519924816471,0.005938820415292649
118305,0.26961433019059633,0.08775688258695072,0.007712707281997173
118306,0.24895465466909156,0.08055720747783592,0.006513055912145675
118309,0.4930585563856523,0.13623483934127834,0.018442090381801723
1185140,0.2772790522849993,0.09094417918775821,0.008296766236542236
118681,3.9017115555082142,1.2732891045001973,1.6334548148513257
118893,1.6882733486616626,0.5258581682862825,0.2728557324285547
118895,0.8522953098362739,0.29453546328673563,0.08522161876140524
118921,1.0152962115828683,0.33698107200151756,0.11322386332573574
119052,1.5647835922365727,0.38208931713640276,0.1466147582808485
119918,2.940325511116082,0.7847960954209835,0.659843864880106
1203191,2.448320704568217,0.9141777603644552,0.8293933218551516
120755,16.231505256633326,1.3037376274728882,17.68637919017009
120756,18.166526175820064,1.313647882532321,20.502701179109003
1207651,0.4025838658727584,0.1444247913521026,0.020890051803100287
1207663,0.4584883048072932,0.14119915751476142,0.020076203435067157
1207667,0.6649171549410906,0.2086204020064938,0.044063632896086384
1207670,0.9808966308804576,0.3235687570297816,0.10275313336033691
120787,2.461665969991705,0.7933975797520447,0.6159993537626839
120788,7.038321260785579,0.9273419100955157,0.9254771989969941
121118,2.3545447180740675,0.8807787879323096,0.7911930146961623
121122,2.5699653258640973,0.9298531991843915,0.8680930451589307
1211689,4.931361167511874,0.6508294550334808,0.613033222597045
1211692,6.826752244739007,0.6678502959384215,0.7659867813447042
121395,1.3851532664856645,0.42435989254701145,0.17653190830389687
121396,1.496803305959611,0.49634294253126987,0.25213335509233076
121397,0.5998429410585531,0.19162818602919984,0.03669244512915952
121404,1.0646439850545146,0.32725463775698044,0.10673403927775856
121868,2.6040183323970165,0.8143309752829083,0.6555119921579821
122126,4.244771755289295,0.20717683791703678,0.353677597937176
122349,1.5362653010266998,0.49862793161962937,0.24801446391459353
1224383,0.7980792786418579,0.2919215549377776,0.08338958916907073
1224384,0.8869678236485973,0.2880171688582498,0.08197770407225763
1224385,0.9174019435608096,0.27770697494119456,0.07687904277601201
1224386,0.8967599666261477,0.2785826060665602,0.07678754637186551
1224388,1.9630939972912105,0.6326969570981392,0.39261779656135326
122482,1.667084466222925,0.5678734056142486,0.3283229755155422
122551,0.33824390662731507,0.10666811199376926,0.011075742365159076
122715,5.7951869124088615,1.0339280931919466,1.1824337121298552
1228198,1.2851634662217997,0.3926010333277139,0.1578287533168927
122947,2.0181316914065093,0.6519933244126153,0.420525355797715
123302,1.2633771624270906,0.36645177538564144,0.13696177287997624
123303,0.5440889874615251,0.18091764484991826,0.03228917381852765
1233193,1.104580807283459,0.39879690424928876,0.16731326618562442
124035,0.29432206349756646,0.09967655347523137,0.009725002320674397
124036,0.7562029964473389,0.2141641886422399,0.046541392441620096
124185,6.709311732447695,1.272810901986264,1.6405923026044853
124361,4.84065129996154,1.433307330824337,2.0660280547854124
124369,0.5032095700302579,0.17769390550611586,0.03157347376369959
124372,1.0054906796268455,0.3067544416241123,0.09370763790217482
124374,4.715049207334645,1.4093129787404342,1.9995371795397354
124532,2.9502179408436033,0.98658856763357,0.9541313997353825
124534,1.534473160496516,0.4959842131580544,0.2451646260360138
124535,3.0769393343610876,1.0153675279443724,1.04205292027594
125066,1.1419428752764722,0.37880665087181825,0.14538914025363164
125067,1.994680659560714,0.7064060643646802,0.4962384557575162
125069,1.8491222267153589,0.6866403560416688,0.4736236191050515
125071,0.9166691246288386,0.20745467952104843,0.049826389544189546
1252876,1.065072186402266,0.36350108431370354,0.13173617888863137
126283,0.3954821382716433,0.13495173270196098,0.01806517792816722
126284,1.3583869063818528,0.4668056502672928,0.22230244374862232
127152,1.6402866802692488,0.44595063876892654,0.1947868656484296
1273629,2.319332243108643,0.7516309687332945,0.5575660915265397
127889,7.435377670901005,1.099652812269032,1.1811748956967383
127891,0.6704646431190631,0.30357470654311397,0.09375211518930411
128001,2.873700006318805,0.8459347383157284,0.7230058108861924
128065,1.8519383763673547,0.6792244629907006,0.4550182745426846
128076,1.0974947097377528,0.31224504729495606,0.0997552414130131
1282328,6.574024629021723,1.2332597076268406,1.826034677696845
128329,17.854829228651482,1.6667496156187382,1.8593965827357006
128336,2.1155483964434554,0.5692098292002863,0.32387007212582214
128351,0.32713720023317094,0.10278059993890559,0.010201790049073681
128439,6.947427929611212,2.2215054051820378,5.027213576506117
128483,2.242824440153123,0.6978557677430456,0.4855835931731338
128559,2.0424190328300833,0.6678969018643749,0.45469893524900307
1287883,1.3406659061610813,0.45466700135102756,0.2096627646840321
1288651,0.765112977559199,0.21305855488949096,0.04653950418935684
129287,3.3466485644544037,1.166560512424912,1.3649368389131933
129872,0.059066830306173074,0.018971138395747086,0.00036588500626294176
129891,0.03929831952955552,0.012235301838096022,0.000151471921614173
129899,0.052384711892024184,0.014447953711958395,0.000209947728547246
129907,0.12914450193477883,0.044008767453654014,0.0019499093993738796
129910,0.03535015771271799,0.010946011400346104,0.00011975093414605513
129926,0.039218682462612627,0.011850837072887388,0.00014183407152303557
129988,1.8861321138020197,0.5816720166057133,0.3327157900030574
130014,1.940658388136451,0.44839410771422594,0.23343763299765283
130030,3.2897008299284516,0.8467617594160578,0.7123642270392091
130032,1.4185423732492632,0.5222027774401101,0.272382857428819
130036,1.594216637415331,0.5231328599967077,0.2745545242279878
130442,1.8546685938664604,0.5996756835975906,0.35942997804893045
1307396,0.4971443036116375,0.14425050418916036,0.02061911650633674
1307398,0.9064464437548884,0.2929266137175703,0.08516465517694369
1307400,0.8383372263241697,0.2767575195239568,0.07566585441578264
130788,14.738604844803655,0.7966022863446155,6.500574631374687
130969,2.30107526645419,0.7566446557674833,0.5813513095781494
130972,0.48878411843586145,0.14738198988292422,0.021542970243755632
130973,0.7054133128456676,0.23352256351969294,0.055585740293465434
130976,0.3619207425130437,0.11746815121874608,0.013654799857306676
130977,0.6354045547183856,0.20531782209271862,0.04240177809540356
130978,2.2135831630909406,0.7486027894911242,0.5649766847121438
131020,11.98525866646826,1.849358523603937,2.006792778477363
131090,1.7632712452639658,0.5219308876871958,0.26846906986409624
131091,2.2413980557791255,0.7303524590050389,0.5327943612258302
1312955,0.5225342903422403,0.16607884171560425,0.027550604923936146
1312956,1.600591437776866,0.5016072217493942,0.24831810098969395
1312957,0.989608895815152,0.2669248956510134,0.07098186155092141
1312961,4.191528568565947,0.8674824725233079,0.7732599851438481
1312965,2.691839117726301,0.8442674751995993,0.707282355470929
1312966,4.765221285658336,0.951549090324892,0.9288420967498496
1312969,0.8074756051194613,0.2449070016330491,0.05968488011138952
1312970,1.2370605244490485,0.3897827751549621,0.151720265709844
1312975,1.2291387949260228,0.4018507141911865,0.16384085379863086
131328,1.4637424405233919,0.45764048254069073,0.20902619152319313
131329,1.4850639020792031,0.4703300742887842,0.21740657944881728
1313533,5.722355376331096,1.6452979298845398,2.984458269057711
131453,2.594144282844675,0.8317908282722958,0.6879580135152024
1315833,0.5978662033690932,0.17657076799209714,0.0312510842713824
1315835,8.301130107186045,1.2490740295288065,1.521607384010986
1315836,1.4494240156206424,0.29399711368765263,0.08112845564921858
1315837,6.706013166604886,1.0530130363197765,1.1081984396887743
1315842,0.8352730506165532,0.22603625964102297,0.05160246483114968
131602,3.357213743692606,1.0086541455905513,1.0343697598114732
131605,3.6956434602394066,0.7753896689026425,0.5454050565060959
131723,1.8426465942535843,0.39112732926589344,0.1511018537508076
131725,2.572202502871341,0.8454085252706419,0.7205936563893989
131727,0.9327960378801033,0.2790271681247504,0.0809499622649117
132053,2.8493540932660935,0.965062056419851,0.912717963855376
132056,5.494927676937873,1.0694016411077483,1.139603234701055
132057,1.9192070655937072,0.6551871957882256,0.42976105879043336
132204,2.276809079762185,0.6434279760281327,0.42265222390321294
1322464,0.057121659337506785,0.017286846096226226,0.0002994007154813248
132423,0.3965976367653133,0.12187289081697436,0.014507182407508666
132428,1.3620423856062631,0.17346321019319252,0.02337589390508676
132429,0.16918725623470265,0.04414221302231968,0.0018503022729220767
132431,1.0508564980384965,0.3840373333203029,0.14747517603841867
132433,1.018294299635522,0.1290635574564889,0.013765038808369908
132434,0.5282934201892892,0.15368127629730544,0.02423932906400596
132435,0.4771971829328845,0.15239933287706947,0.023283876133765372
132436,0.17134478397724234,0.05156771632966662,0.0027062458475538742
132441,0.7646575566255528,0.2390904636890688,0.0570754216814896
132444,2.63446768687937,0.18903312483583057,0.14181774752571383
132446,0.49896361603127937,0.17168070485140374,0.029343185151666874
132447,0.47525457373594826,0.141430260115069,0.020110304447395772
1324574,0.5829939824006891,0.18467480771364328,0.034447247899255504
132536,2.483471213532733,0.8304560674344426,0.6848080956343094
1329188,0.6846617171550262,0.2249026156092367,0.05022214946214567
133275,0.722618720386076,0.2255774452426543,0.04998006508865215
133276,0.6910226118324105,0.23653028146690627,0.0572071172306119
133991,1.4938547530257291,0.4596261081837201,0.20881143985195386
133992,1.1450570499535437,0.3664550545016274,0.1390106804326705
1341743,1.6509917605003417,0.5026897772226061,0.2562191337910681
1341745,2.0064638445937066,0.6244791194259054,0.3870789743354595
1344040,22.924629044358284,1.0471289121459122,4.828514171371555
1344041,6.516805824861478,2.120942913633936,5.13587958287588
1344046,3.154139600369125,1.0277088428544179,1.068720918858448
1344047,7.79568127611586,4.07223149371922,18.30759645859019
1344054,3.9609436148615953,1.0526894041516437,1.1107900544918057
1344056,1.8041888950317806,0.5893706228543967,0.35221163108524317
1344057,2.1895959975615984,0.9690285506244306,1.042708580245989
1344060,1.6613857778636736,0.5549197500746175,0.3073671308252346
134543,0.8718913427705697,0.2799309475692338,0.0774041326440765
134603,7.131073647579766,0.8711548964368216,0.7291800437327883
134609,7.540080043713135,0.9368586488100514,0.7856139035497736
134612,1.2199677191012517,0.39799369894452014,0.15848657039809058
134613,1.237248258613414,0.40254070844806605,0.1599865371732276
134617,0.8193542619210811,0.2369096150928322,0.05682376278499273
134622,2.0403216402509665,0.6498690128805693,0.41895018025785646
134631,0.27270139702139334,0.08398378923477796,0.00706762995724278
134633,1.0747912669971222,0.33163655198794284,0.1104835010797671
134636,0.5175797050472563,0.17717682342570792,0.03145167929766129
1349593,0.5817707597655565,0.18098061617475286,0.03229779527000807
135078,0.5293055558152416,0.18264137933608657,0.0330922924899819
135217,0.28127771123604484,0.09292365217191097,0.008683344961408546
135221,0.3480715542444806,0.10895297857907436,0.012161187124844174
135455,2.1139601705263997,0.5294761486213035,0.2861130201239368
135456,1.9594206233297262,0.6535132978153847,0.4215435994620717
135458,8.314474242829613,0.9451481864036182,0.6567634461221074
135462,2.5284488999185597,0.8077336938465043,0.6781764289829804
135465,2.1161666855338623,0.6718725552446227,0.4527363535238561
135493,1.593493800441072,0.5162377007642702,0.2694277100263998
1356107,3.566452256362219,1.0316116026847157,1.0673197424805843
1356633,3.0056993509328587,1.0096316838107213,1.015684375976034
1356639,5.266727606297473,0.775460093216423,0.37324958541105674
1356642,2.4440812273396504,0.7023003481211292,0.4867562108497506
1356645,4.195574458096993,1.5447419074448816,1.5032974093889295
135672,2.4688285129044005,0.7941144760362129,0.630470093995009
135676,0.9820104966861345,0.3205532547477447,0.10231293338981498
135677,0.9429613742237716,0.31253121566441666,0.09804447169918602
135753,2.4852935365676037,0.8109464784385838,0.6674761783236322
136074,3.767912020733699,1.2862158444237812,1.6680563329497242
136236,1.5308812743829383,0.4284909313127987,0.18449169074246063
136385,2.1483527837241176,0.5931510330746622,0.3496078119749196
136393,4.689272070714021,0.4637076767951726,0.1410635976941484
136394,0.6676615546312704,0.20298383683842586,0.04143099407393131
136404,0.5040320572777588,0.14013802913959716,0.018963420628086872
136405,0.703191420753098,0.20315150972465754,0.04149086890303396
136635,1.0726490141991152,0.3753341647084441,0.13991227468734654
136636,3.095611627653325,1.0721469466656575,1.1311643916232899
136639,3.1006212484323026,1.0668319047942738,1.1457129027748636
136640,1.193542878067266,0.42213454815219464,0.1836351108295849
1368068,3.7231991400877393,0.9384673007686797,0.8801033746518581
1368069,4.918562566803653,1.5143696960797246,2.276299593891545
138092,1.2595541304475246,0.4227693605326271,0.18069201270156562
138095,1.0085708872210062,0.3095987995714433,0.0967007545748639
138189,1.5615837831991806,0.49750832849465065,0.2517441192647998
138193,1.5406692129131216,0.4989927577245228,0.24470705732682912
138196,0.641000084015967,0.19457121051192586,0.03772666575920339
138199,0.9118685030344864,0.2851872190004385,0.08128881408255184
138208,3.3976231688656298,1.1138998634782835,1.2859947261038776
1382597,0.9173392540782253,0.3205561225438708,0.10373000637433911
1382598,1.0617746823842753,0.31499935212783764,0.09778405888197032
1382602,2.74674582310264,0.8736075633640485,0.759033833319736
1384321,1.1201857246915474,0.37090128413922624,0.1396433076254128
1384322,1.215446908473918,0.37028393602651155,0.13634865428643864
138557,1.7820771277825822,0.5624890952403591,0.31925946856830695
138581,0.9654875752488098,0.3217957222145458,0.10621330524142558
139623,0.4634487000506024,0.14897453002928351,0.022171938088548896
1396888,0.7376725747028425,0.20282793411198438,0.040891986512800266
1396897,2.057914220097046,0.7201819581327333,0.5116311875861902
1396898,0.3543509576341206,0.10915795435065688,0.011664108445213067
1396903,1.2261754560894293,0.40700271717898834,0.16795093233436484
1399249,0.31304699485398346,0.10462815708778186,0.010889420261942458
140545,1.398866724784698,0.4221372464034553,0.17748214390294959
1411685,0.4294454775725269,0.13865700925560473,0.01919083131477573
1411702,0.46541046066688224,0.14861287148904012,0.022031066592136998
1417954,0.3304148786992037,0.1017618117107717,0.01026010958686832
1417960,1.3832480478334868,0.45683328210824986,0.21285528266429318
1417962,0.37659934766052366,0.12367546912824502,0.015471714787938734
1417964,0.9724761305209276,0.33313792790076074,0.10806771977915473
1417966,0.5905918097532115,0.17050070693704159,0.029151755137461356
1432741,1.0924355228965899,0.3818498940299099,0.1497000767866217
1435439,3.5290335089732765,1.2784401385165054,1.6815565981676373
1435440,3.8450479509757254,1.5040188592685235,2.2621567158154625
1440463,1.5290943163245927,0.5130345347453585,0.2635641951069586
144106,0.7681361094195656,0.24373219489400444,0.06208940780839828
1450317,27.22353139565126,2.5876417853940703,3.798457554280697
1450322,0.5400986394025212,0.16241596686045742,0.02644936915094782
145065,4.358231699691965,0.4524600977791271,0.18430685728389126
1451899,0.0335513134121142,0.011286939093681125,0.00013022548565170308
1452672,0.36764279288187257,0.11357967269354853,0.01313987436095531
1452673,1.230058701144281,0.2794723071996305,0.07848427747912999
1452679,0.9368533187946141,0.27697086765375306,0.07797719697180398
1452681,7.194295647627991,0.6721417500181593,0.5518170648331974
1453582,1.0540494703848888,0.3393306274023064,0.1165131355244424
1454015,3.362614765389783,1.097237651411425,1.2420485096292155
1454016,3.383400875520426,1.093936919956542,1.2273911283589927
1454018,0.5101193107168208,0.16095222312037705,0.025684527315407355
145419,3.1402102515600796,0.9658860877266553,0.9367743165410714
1454389,0.8286498679102298,0.2587632724313315,0.066794273598472
145495,2.9319004345136443,0.939791503208897,0.8723775818215097
145496,3.0307053673920064,0.9500726918600217,0.8829551957189254
145504,4.257337789503987,1.2136058710527682,1.4707145441814833
1458684,0.6204835214675117,0.17573457626093986,0.031026133867493786
1458688,2.9390155543539587,0.4411923811899775,0.18429707673018347
1458694,1.3723151470760728,0.4046276812517717,0.16721747645163623
1458701,1.3918419280772187,0.4550022635270791,0.20268304897412426
1481222,3.655392977315347,0.5468944561214573,0.31739501269461373
1481223,3.579918733079274,0.5546778080854001,0.3218589967947867
148452,2.83886795144051,0.5226356487065748,0.26451360810989155
1485510,3.3791967479021636,1.0323886865040617,1.0752232344813828
1489590,2.5285539111932733,0.8813770404385324,0.7613420022597638
1489592,1.2854235983934308,0.42563317993582733,0.18093650794790278
1489593,0.7244179638463353,0.23865823931741334,0.056222228439018605
1489596,3.326122590483068,1.1611483379857717,1.3575039547822003
1501547,1.8695527861873655,0.5393244287632347,0.2946678413277766
1501591,0.5003894557584274,0.17096454202023978,0.029066066784690463
150242,3.538333155948284,1.1777775902038583,1.3625549139598534
1505017,0.7696582261048539,0.26706919888406205,0.07201821491163646
1505018,0.5170624050840894,0.17306789286255636,0.029715257444973817
1505020,1.4014646600305374,0.510167367292333,0.298232039775921
1505021,5.725530802332858,1.8468101365912142,3.474562424852021
1505026,1.6258751886233827,0.4870159593826064,0.23865327197469177
1505032,4.024886308807146,1.208533500662886,1.4615979051857242
1505036,2.45527499915816,0.7483296250460543,0.5653939609634938
1505136,10.634127504979903,3.4593070416930685,12.06307380210693
1508788,2.316281120265674,0.6378684456273915,0.417122809704701
1508790,2.8427652590450214,0.8128360507594625,0.6963453771289978
1509643,2.7389511321643303,0.9009278678867982,0.8068980727431971
1512169,3.5086636181427773,0.5142671734238563,0.25061569937666345
151365,2.1745227853039206,0.7142773933524001,0.5007431060675536
1514494,0.6346101094772016,0.22147831350258415,0.049354312196111076
1514496,0.9393374599287204,0.3130432212820637,0.09619455657396797
1514900,3.945235269718466,1.5478225705894892,2.354390554509084
1514901,3.005136699965308,1.154760940225044,1.3346105037160931
1514902,2.8383591823417307,1.1646635905940992,1.3736199658722803
1514903,3.6348547246559493,1.2036239434544111,1.445229513495891
1517909,3.550305820562032,0.7866371033523751,0.7701047450776496
1517910,38.0294462108924,9.282884364855889,43.36664882577916
1519468,1.9829645537046072,0.7003496628812411,0.5327622680501727
1519470,24.305252341620548,6.728867468479059,22.521618067161658
152773,63.21030552296061,0.19958879235323712,444.4017580357111
152775,2.8338141483533446,0.6373362494970152,0.40950655092879856
153101,0.9947781267638189,0.31660378109311,0.09756329317173283
153102,1.0035873261555166,0.31409201543188153,0.10145422584014503
153368,0.37197829863316284,0.1238945352786268,0.015373817348672608
1535137,3.2000184348945115,0.9584570298807698,0.9463936937865032
1536354,1.0391255506355688,0.3568614894460238,0.12212453736605364
153956,0.4580798528448979,0.15889418801733496,0.025012246975737843
153961,4.985574231105123,0.49668302356850863,0.1994391719803571
1558696,5.58773491237007,1.9471567400438616,3.846926856096546
1558738,6.184233331921641,1.9708049561056231,3.7918538076272443
1566089,0.8269887319784635,0.27460174544846266,0.07480950878348609
1566090,1.2972009508784539,0.4157397586952224,0.17632508848213288
1581201,6.6135309301581575,1.4886552815178835,2.136686493161541
1581202,3.6980211598974595,1.0575570679571835,1.1517045726802797
1581203,4.251722819442581,1.4930960681458545,2.1748019227577826
1582376,1.3086929057942283,0.43804845178862317,0.1967159923472701
1582377,1.5842370265824965,0.5891627647013293,0.36906150265671506
1582378,1.3709050953346662,0.4909952623771552,0.24111362468113576
1582379,1.3637733314751777,0.45408810644923375,0.2109383171634904
1582380,4.039767340324504,0.882629246102366,1.094918033003572
1582382,2.1456074017731703,0.7762689656685391,0.6270946447114759
1582383,4.24294984716801,0.4454417636710872,0.23893176872891672
1582385,1.2221363669211098,0.2540188971716616,0.06630565207181428
1582386,2.1707789791770544,0.5858494198483634,0.347939692326938
1582394,0.2339668389112174,0.07852653193562716,0.005997585822428837
1582395,1.8003311504358874,0.42370736857255953,0.18430952485159333
1582398,0.8219347870651867,0.2740253211887959,0.07463609466437977
1582401,1.5146869284698712,0.4722697005804492,0.22451497634777698
1582403,1.774530400010326,0.5103656792199834,0.2576524319587645
1582409,3.151908382173955,0.8878459860845588,0.8483722339965212
1582410,4.433818522057392,0.6930869194104039,0.680708744863349
1582414,2.4463017255920896,0.5920420126020225,0.3746776193770198
1582417,0.9541852329417634,0.34334769455357517,0.11989983177542281
1582419,1.1941115878041235,0.3475753551057894,0.12251362015306376
1582423,7.371314753803309,0.49301849942334836,0.26078978787597396
1582427,1.1476676807995876,0.3787239855654949,0.14178345430438494
1582433,1.1666308988724552,0.3947057988824331,0.15563241235576405
1582437,0.21958528330622082,0.07210010477540209,0.00530264207975723
1582439,0.9377490108603559,0.26271394485989347,0.06847645377107738
1592665,5.3633684965570305,1.4669898428114208,2.1688594346809134
1600244,3.5192045605097255,0.7186059167649386,0.584685663993261
1614064,1.8537082995439427,0.5930402067349259,0.3579299989020341
1614065,1.3237358868175166,0.4085124093563883,0.16734839645030025
161461,1.143306203818995,0.36791101483917793,0.13546532758180563
161717,2.596067391716591,0.777650882419765,0.6008788244758522
1619332,5890.448110124104,1850.8508698447897,3287131.9272489045
1620053,1.889565657894616,0.6547337389923605,0.4177788393680494
1620054,0.7845358943804961,0.26340283014825555,0.06742979981357995
1620055,0.62751884034807,0.21882347954696507,0.04710250767935627
162092,3.4910124741882504,1.0938189236265168,1.168274146560961
162331,4.523369507209711,1.0311291459538743,0.933513062533653
162575,2.2522144912266446,0.648505575490272,0.4214651860768285
162863,1.6596441448754884,0.5349335486767267,0.28504853519729395
162890,3.727473962004017,1.524362504050054,2.3339544478512524
162893,3.575385182911344,1.2947261730958513,1.6833362671017806
163021,1.976205539840834,0.6811955941683188,0.45545263282573717
163758,0.38894348264878553,0.12622069124389892,0.016229740269478887
163760,4.368012147997452,0.5652821726790186,0.2787710145512562
163762,2.2008593247183286,0.4530389714566267,0.19587412964727308
163763,2.15928317444269,0.7128572257044218,0.5083338724127103
1646872,5.441331066768769,1.17938183531245,1.4083959243639537
1646897,3.969863522691656,1.0200236354323735,1.04457456903221
1652976,5.754825169888209,0.3990401202374184,0.11107249240339485
165845,1.7180699324915871,0.5581595284185014,0.2989640707623731
168074,1.0113970830185268,0.15154418624850718,0.016183779057415366
168075,0.4750132461944715,0.14306439228217196,0.020688341449018013
1681117,0.9602959953282658,0.3057805766987516,0.09124408161438369
1681118,2.174861243507457,0.4131972040235704,0.1663984478417447
1681184,0.5893061832390074,0.20054971182936432,0.040604912452127224
168905,1.661796460517947,0.48315671296845475,0.23219147891177216
170134,3.6586928113402375,0.8133932425273643,0.6514316834361621
170135,11.33724320094089,1.2092718066623342,1.120913176468046
1706462,1.1160343795691932,0.2890481139281445,0.0738991576011273
1706464,6.516937517600229,0.9336620643532746,0.8236782182137175
1716284,12.313842805606692,4.14166447410624,26.879997844943603
1722410,0.2854730572608825,0.09098533398248546,0.00828161613183803
1722413,0.21672380389414428,0.06675606616335943,0.004540195309612454
1722419,0.4938065217010886,0.14671407946674084,0.021515660013635866
1722420,0.36028453777320013,0.1059062984741881,0.011452698196297387
1722422,3.0188201779824504,1.1043299485056612,1.2279407318333888
1743322,12.358398392412282,1.186185026540218,1.307769455826025
1745353,4.600408909676265,1.4827935290592962,2.2200624351511813
1750623,2.4721702429792,0.7348720672603327,0.537149819066493
175194,2.4575086282382506,0.8040066159392099,0.6272465995731265
1758046,2.024686757138894,0.7136507030282755,0.5119273161446972
175914,1.7889609566543654,0.5802066523602084,0.3375877037923025
177009,0.7763776024383034,0.2933396576607518,0.08668802043406722
1772543,2.0874237649603975,0.543193948167583,0.32563908676997944
178195,2.905166241362124,0.6250425795970597,0.3755063980170538
178196,0.8656113586493442,0.23498577223508288,0.05665432237444941
178197,0.8150960697114668,0.2601078940339934,0.06698877301826403
178200,2.5415143731390604,0.47555165045992404,0.18309727147833574
178201,1.3936542606485904,0.4639905650915663,0.21916998045484085
178226,1.5509485316303977,0.30618810782349876,0.0926599990723175
180691,2.308901623156032,0.7401729842386786,0.5409151413010242
185290,1.0337896863561211,0.252577149483974,0.06443410685566194
186200,1.8264453330413004,0.538360969105884,0.29046137390232935
186201,1.6505654544324526,0.5368928705148691,0.2798271932198215
186542,1.5064204639456176,0.49526590316915375,0.25010501946129987
186547,3.937575916561259,1.1246483162485323,1.26831731572696
186552,0.21114236847689927,0.07207770566218312,0.005305446042694128
186558,2.480354490385092,0.730063376151917,0.5378503191656896
186559,1.3075646364215636,0.4248568919352189,0.1770500941621117
187281,0.540340787376613,0.1752667330294043,0.030615384898071942
187282,1.2053109181634634,0.34572481831259383,0.12249769316178938
187284,0.7088867637636318,0.19123950054172567,0.03696998789121134
187543,2.130918588845664,0.7107690587523673,0.5207998849379454
188018,0.056657768971417395,0.017898246187430262,0.00033348823583541847
188499,2.1130222778135903,0.6053229099878606,0.3805335684293554
188500,1.9451048608969967,0.6112211986886126,0.37967157371075716
188504,1.5087366035621348,0.45825471465922485,0.21002216569789844
189404,1.4821581661583882,0.5675198405292778,0.3208079974754695
190249,3.0263598821753663,0.6832596568698563,0.4685596773359681
190250,4.302273909482222,0.7133567963147591,0.4661553548039337
191964,1.2810262870442444,0.36651640260213036,0.14830961582976157
191967,1.6954886263578395,0.47268937174799797,0.25315142338220586
195196,1.38260618109767,0.46462965921308824,0.2163673090454099
195698,3.1918416643808527,1.1815024634225293,1.3641399463262132
196125,3.110061530066643,1.108560644769464,1.2137514615655371
196191,2.0423892317290893,0.6692242521541464,0.4461717827658707
196192,2.2139036850041167,0.6649405268828288,0.4509062996870536
196193,1.2320085521606983,0.4239044970065022,0.174087454480333
196196,0.49495629580305184,0.1593541829327854,0.02556404193628145
199820,5.009864452871432,0.4632119519086522,0.9238091067518184
200003,1.901545116242592,0.46160309601571087,0.2395705246936613
200004,1.1547397389639895,0.3452714437954697,0.12204831344832251
200007,0.21334991963941782,0.06602896989935005,0.0043707125125426105
200009,2.1499026918427013,0.6779373963514614,0.4618758979916922
200683,0.8938911404240433,0.26612806666473127,0.07087017349275515
200685,1.332270689801376,0.4193336503369843,0.17462429354220624
200687,0.8021020317301242,0.2633261809358424,0.0702406683753423
200691,0.395716782130954,0.12254939466596614,0.015313724903956064
200694,0.23221171132572319,0.07484820694403047,0.005599579342355226
